id,question,answer
1,OpenSearchとは何ですか？,OpenSearchはオープンソースの検索・分析エンジンで、大量のデータを高速に検索・分析することができます。
2,OpenSearchはどのような用途に使われますか？,ログ分析、全文検索、メトリクスモニタリング、アプリケーション検索などの用途に使われます。
3,OpenSearchの主な特徴は何ですか？,分散アーキテクチャ、高速な全文検索、リアルタイム分析、スケーラビリティなどが主な特徴です。
4,OpenSearchとElasticsearchの関係は？,OpenSearchはElasticsearchとKibanaの最後のオープンソースバージョン (7.10.2) からフォークされたプロジェクトです。
5,OpenSearchをインストールするにはどうすればよいですか？,Docker、RPM/DEB、手動インストールなど複数の方法があります。公式ドキュメントに従って環境に合わせたインストール方法を選べます。
6,OpenSearchのクエリ言語は何ですか？,OpenSearchはQuery DSL（JSON形式のクエリ）とSQL（OpenSearch SQL）の両方をサポートしています。
7,OpenSearchのデータはどのように構造化されていますか？,インデックス、ドキュメント、フィールドという階層構造になっています。インデックスはドキュメントのコレクションであり、各ドキュメントはフィールドと値のペアで構成されています。
8,OpenSearchでのシャードとは何ですか？,シャードはインデックスを複数の部分に分割したもので、データの分散と並列処理を可能にし、パフォーマンスとスケーラビリティを向上させます。
9,OpenSearchのプラグインにはどのようなものがありますか？,分析プラグイン、マッピングプラグイン、検索プラグイン、セキュリティプラグインなど様々なプラグインが提供されています。
10,OpenSearchとOpenSearch Dashboardsの違いは何ですか？,OpenSearchはバックエンドの検索・分析エンジンであり、OpenSearch Dashboardsはそのデータを視覚化するためのフロントエンドUIツールです。 